{"cameraMode":{"drawMode":0,"name":"Shaded","section":"Shading Mode"},"sceneLighting":true,"audioPlay":false,"sceneViewState":{"showFog":true,"showMaterialUpdate":false,"showSkybox":true,"showFlares":true,"showImageEffects":true,"showParticleSystems":true},"in2DMode":false,"pivot":{"x":-0.5789031982421875,"y":-14.416711807250977,"z":-8.351325988769532},"rotation":{"x":-0.47397565841674807,"y":0.3117653727531433,"z":-0.1841031163930893,"w":-0.8026612997055054},"size":19.777753829956056,"orthographic":false}